,0,1,2,3,4,5,6,7,8,9,10,11,12
0,3.0996327,2.1050708,4.861546,1.2010615,1.0319115,2.2768378,0.0,1.9583063,0.0,2.1328788,4.9278517,3.389273,0.0
1,4.39453,1.491024,4.633244,1.3227564,1.2804979,0.6554865,0.0,1.1659459,0.0,1.5978773,3.526757,2.9620628,0.0
2,2.846981,1.4760243,4.5338335,1.5928713,1.5368223,2.5040336,0.0,1.9042796,0.0,0.7286375,3.8570526,2.5805912,0.0
3,3.067574,1.4290038,5.242934,1.8382064,1.5467083,2.9268556,0.0,1.9000465,0.0,1.0084047,4.4770226,3.4149787,0.0
4,3.2148986,1.2079833,4.899215,1.4415592,2.0058858,2.5622015,0.0,1.7492898,0.0,0.3534481,2.8711452,2.0617304,0.0
5,2.57895,0.4905524,4.246536,1.4968082,2.0744035,3.1487517,0.0,2.3449185,0.0,0.4090166,3.5890927,2.754083,0.0
6,3.6968403,1.6637803,5.3788214,1.6807073,1.203244,2.0707884,0.0,1.5769373,0.0,1.6900905,4.6137586,3.7437913,0.0
7,2.6873713,1.4649292,4.625496,1.5575706,1.3473086,2.5978842,0.0,1.8420801,0.0,1.0373785,3.8521748,2.690962,0.0
8,3.022656,1.1093423,5.6124043,2.0693684,1.2839909,2.8111553,0.0,1.281396,0.0,0.8582354,3.9971514,3.6381192,0.0
9,3.0627928,0.3387001,5.4377995,2.2077858,1.9107519,2.9746246,0.0,1.3999065,0.0,0.012180941,2.9080892,2.9270053,0.0
10,3.7760978,1.6699116,4.5820756,1.9022763,1.7509617,1.61422,0.0,1.6473819,0.0,0.35939607,2.7857547,1.6744825,0.0
11,4.0098615,2.0826821,5.8119097,0.9905049,0.9990195,1.6403391,0.0,1.1463472,0.0,2.1574452,4.5639443,3.8931768,0.0
12,3.902831,2.0528016,4.2237506,0.65715003,1.0699649,1.0627971,0.0,1.8904766,0.0,2.5875401,4.383544,3.0308366,0.0
13,3.6507082,1.2251714,5.27525,1.669193,1.469015,2.2041245,0.0,1.61048,0.0,1.3446263,4.211572,3.571188,0.0
14,3.579546,0.75735974,5.6510944,1.3875785,1.4682972,1.8156313,0.0,0.6693338,0.0,0.82906467,2.8099525,3.010265,0.0
15,3.9086366,2.2436845,5.312999,1.1107552,1.3934419,1.9402868,0.0,1.7891834,0.0,1.8574582,4.7240186,3.3261516,0.0
16,3.4390955,1.223648,4.961966,1.5191756,1.5213094,2.5357637,0.0,2.2362435,0.0,1.7130585,5.083148,4.0441737,0.0
17,3.4720612,1.4492924,4.913399,1.3946975,1.6418829,2.1798878,0.0,1.7963742,0.0,1.1021562,3.7641008,2.7696486,0.0
18,3.298079,1.2185503,4.6097145,2.6764786,1.0652555,1.728525,0.0,1.5234233,0.0,0.7119917,4.0806613,3.0416486,0.0
19,2.9637542,2.098203,4.4357443,1.415136,1.0635102,2.0082855,0.0,1.7520788,0.0,1.3853949,4.117821,2.5370612,0.0
20,3.0088668,1.7200065,4.651236,1.2789667,1.3843539,2.356266,0.0,1.8521922,0.0,1.3405164,4.045862,2.79696,0.0
21,3.2326307,1.6136806,4.702443,2.6279354,0.85769093,2.0838618,0.0,1.9266807,0.0,1.4306409,5.2797346,3.7884238,0.0
22,4.079291,1.580065,5.2384033,1.3982657,1.4421206,1.7485963,0.0,1.5984226,0.0,1.6928598,4.3009186,3.4768836,0.0
23,3.6417336,2.2912214,4.9258432,1.3475424,0.9363729,1.3479458,0.0,1.1494368,0.0,1.656148,4.0583105,2.8103244,0.0
24,3.1298819,3.1014688,5.182105,0.6914929,0.90985435,1.8165618,0.0,0.780069,0.0,1.2808328,3.2738214,1.8391501,0.0
25,4.027078,1.6933738,5.3986115,1.3267486,1.437454,1.7915003,0.0,1.5220052,0.0,1.6520525,4.1840367,3.3867269,0.0
26,2.7377305,1.9876273,4.5338573,1.2307742,1.2165709,2.51539,0.0,2.0656176,0.0,1.607274,4.5919495,2.9554672,0.0
27,3.7127228,0.877169,3.5112245,2.107365,1.2588359,0.34870207,0.0,1.3737501,0.0,0.43838066,2.4346783,1.6052909,0.0
28,2.3191633,1.9921808,4.5673943,1.6113738,1.2098284,3.1042147,0.0,2.2211132,0.0,1.2610935,4.6344085,2.7919016,0.0
29,3.3196383,1.2018497,4.4056573,2.3942482,1.4963319,1.633299,0.0,1.2778893,0.0,0.0,2.5324988,1.6484276,0.0
30,3.4745827,1.2682133,4.548126,1.877627,1.4359593,1.7717493,0.0,1.9116008,0.0,1.0108945,4.0510774,3.1224349,0.0
31,4.04534,1.2746121,5.0568643,1.4870328,1.8714286,2.0215468,0.0,1.9790696,0.0,1.2529606,4.110843,3.2434974,0.0
32,3.3459735,1.2956402,4.9156437,1.1056473,1.4713666,1.9407028,0.0,1.1890167,0.0,0.971965,2.905488,2.3807752,0.0
33,3.6355433,1.9152529,4.315316,0.8826564,1.418711,1.4569333,0.0,1.8043617,0.0,1.7204072,3.5535183,2.3027186,0.0
34,3.410891,1.9528868,4.603794,1.9360685,1.5319054,2.138842,0.0,2.0756576,0.0,0.90070313,4.2811623,2.583778,0.0
35,3.0034304,2.502289,4.47586,1.9581362,0.25266692,1.7088779,0.0,1.7259281,0.0,2.505035,5.636276,3.687983,0.0
36,3.54844,1.5027593,5.256222,1.578097,1.5525314,2.3566866,0.0,1.7838132,0.0,1.2781049,4.290929,3.3436844,0.0
37,2.7553844,2.7280605,4.9393597,1.3897043,0.81215614,2.2458696,0.0,1.4691072,0.0,1.3399136,4.234159,2.5050993,0.0
38,2.772976,1.1092921,4.6328135,1.5143071,1.8490335,3.0450988,0.0,2.2863102,0.0,0.76338017,4.0682406,2.898693,0.0
39,3.487864,0.64489627,5.4006133,1.8813103,1.2498627,2.3381448,0.0,1.4497069,0.0,1.5217574,4.3896375,4.215315,0.0
40,3.5459237,1.8393477,5.1934004,1.1176667,1.8063842,2.2905254,0.0,1.7541705,0.0,0.97606945,3.5408635,2.4138405,0.0
41,3.5503478,1.4074199,5.125133,1.5353698,1.4358088,2.1556458,0.0,1.6816472,0.0,1.360101,4.1691933,3.3406672,0.0
42,3.6867042,1.5103705,4.740391,1.3602511,0.3571265,1.1034821,0.0,1.2861503,0.0,2.9520042,5.021868,4.397156,0.0
43,3.5310178,1.443521,5.128694,1.0393288,1.7082924,2.1142921,0.0,1.576654,0.0,1.0358509,3.3859441,2.6430314,0.0
44,3.1052785,0.79821503,4.6471887,1.1518096,1.9316189,2.5736127,0.0,2.017779,0.0,0.8795703,3.5824504,2.8977714,0.0
45,3.4148169,1.9432236,4.2303314,1.7720791,0.97647464,1.5294617,0.0,1.9361322,0.0,1.6644605,4.699928,3.0215478,0.0
46,2.5149345,2.0163286,4.069355,2.50924,0.4470454,2.1064258,0.0,1.9776227,0.0,1.6316015,5.2977047,3.321043,0.0
47,4.2926188,1.143674,5.265702,1.3727592,1.4889547,1.3829161,0.0,1.2907473,0.0,1.5439649,3.470072,3.3169234,0.0
48,3.9738884,0.9462991,4.573405,1.0834452,1.8789563,1.5358438,0.0,1.6897777,0.0,1.1381421,3.1358461,2.6796448,0.0
49,3.5329232,0.75474477,4.87165,1.5671291,1.9123824,2.2798715,0.0,1.83727,0.0,0.75685406,3.485385,2.9631739,0.0
50,3.3975205,1.2085434,4.4820404,2.4140894,1.0217688,1.5141498,0.0,1.5042384,0.0,0.97343403,4.1031504,3.124533,0.0
51,3.1755075,1.686045,4.114653,1.8956798,1.5672975,1.9967662,0.0,2.038814,0.0,0.66972214,3.8438985,2.1883397,0.0
52,4.1237726,0.26599693,4.4968324,0.75362796,2.4429967,1.3198391,0.0,1.4136776,0.0,0.23562765,1.3838671,1.6132033,0.0
53,4.510156,2.068522,4.1961684,0.33341357,2.4689152,1.0310512,0.0,1.8285205,0.0,0.5489791,2.1378198,0.83730835,0.0
54,3.2663822,1.6228204,5.296858,1.8174118,1.4256698,2.7359447,0.0,1.9162242,0.0,1.3382479,4.709005,3.5490067,0.0
55,4.257689,1.2421548,4.772754,1.0092013,1.9952465,1.4013993,0.0,1.6289619,0.0,1.0438868,3.006652,2.4024253,0.0
56,3.6809697,1.5451739,5.3427577,1.3483263,1.4236311,2.0178409,0.0,1.4494307,0.0,1.4736805,4.153523,3.3911297,0.0
57,4.150117,1.9895468,5.0491,0.74833393,1.3951167,1.1364539,0.0,1.0999825,0.0,1.6480376,3.1866071,2.5744412,0.0
58,2.8109212,1.7325115,5.085201,1.639382,1.3815407,2.916976,0.0,1.9373702,0.0,1.1094239,4.4484234,3.1017044,0.0
59,3.474938,1.478663,4.596615,1.0367482,1.9858075,2.3157487,0.0,2.2385008,0.0,1.0080833,3.8357313,2.5618176,0.0
60,3.1847434,1.3898008,5.0367174,1.7597669,1.5448081,2.7206006,0.0,1.9671665,0.0,1.1809899,4.4742665,3.4054852,0.0
61,2.9346628,1.4863833,4.3881693,2.4357255,1.2275333,2.3202677,0.0,2.009106,0.0,0.82973593,4.524666,3.0180416,0.0
62,3.7585769,1.1256568,4.619411,1.0326046,2.4422853,1.8968241,0.0,1.646167,0.0,0.051325873,1.9447469,1.2782971,0.0
63,3.8694978,1.3177516,4.165368,1.0347193,1.8307923,1.2115035,0.0,1.5404205,0.0,0.8478528,2.6594362,1.8514496,0.0
64,3.5125637,1.1264024,5.188893,1.2690233,1.7838515,2.3225303,0.0,1.6481076,0.0,0.93404955,3.3106623,2.7778544,0.0
65,3.2478633,1.5775535,5.1708694,1.6264983,1.5754467,2.5540018,0.0,1.6650227,0.0,0.90352774,3.8393874,2.8438294,0.0
66,3.1362023,1.5103475,4.846242,1.8368387,1.6261891,2.3393197,0.0,1.6434689,0.0,0.42298838,3.2730517,2.2016459,0.0
67,3.9450312,1.527662,5.1164417,1.192488,1.4231621,1.5442393,0.0,1.3669565,0.0,1.5127739,3.5801697,3.0026186,0.0
68,3.9146981,1.371853,6.079992,0.4979754,1.5778953,2.24621,0.0,0.9788375,0.0,1.7419988,3.6660113,3.7430446,0.0
69,2.9748006,1.5933962,4.418048,1.5010525,1.0534892,1.7671596,0.0,1.4831883,0.0,1.2396557,3.7075524,2.5887973,0.0
70,3.1920085,1.2370459,4.712807,1.5884305,1.8880866,2.6380868,0.0,2.0934186,0.0,0.69773704,3.7975755,2.6669521,0.0
71,4.2846203,1.5011092,5.2784166,1.3144003,1.5826787,1.5730904,0.0,1.534595,0.0,1.5859017,3.9564738,3.276442,0.0
72,4.413029,0.7790469,4.3608603,0.29365262,2.023943,0.5218215,0.0,0.99406904,0.0,0.85006464,1.266758,1.5091988,0.0
73,3.4399295,1.1279703,4.622755,2.7295582,0.6484303,1.2123833,0.0,1.2049632,0.0,1.078744,4.2439137,3.443788,0.0
74,3.7893338,1.3487593,5.3058987,1.6359966,1.594131,2.1603894,0.0,1.754,0.0,1.299759,4.13615,3.3757167,0.0
75,3.6538138,1.432757,5.7543106,2.1889942,1.6559848,2.6779046,0.0,1.6755961,0.0,0.88949186,4.171643,3.3994324,0.0
76,4.0529723,1.5980828,5.287172,1.4732299,1.3023995,1.581179,0.0,1.398514,0.0,1.7300442,4.2765903,3.609991,0.0
77,4.0177507,0.9347059,5.045682,1.404498,1.4100045,1.5542911,0.0,1.4408025,0.0,1.6145722,3.8139305,3.6109304,0.0
78,4.0283,1.5514057,5.457147,1.4879156,1.2513515,1.6495491,0.0,1.3534242,0.0,1.7677796,4.0674896,3.5423017,0.0
79,3.13768,1.2814248,4.7440014,1.7101297,1.6905341,2.3494902,0.0,1.7032989,0.0,0.55639046,3.382349,2.4128575,0.0
80,2.8693762,1.9641064,4.91455,1.5514162,0.9180484,2.4970655,0.0,1.8677076,0.0,1.9417279,4.993867,3.5680258,0.0
81,3.7028317,1.3735217,4.625575,1.5694736,1.2915765,1.377082,0.0,1.4742875,0.0,1.0833485,3.6407874,2.8225844,0.0
82,3.4393606,1.5079733,5.163795,1.5183499,1.3098052,2.211308,0.0,1.5268443,0.0,1.3616308,4.2241035,3.3921945,0.0
83,2.943293,1.5499685,4.4841566,1.2874346,1.748156,2.7661805,0.0,2.4248555,0.0,1.1277639,4.415035,2.8547115,0.0
84,3.1540852,1.6702561,3.1883688,1.7853296,0.22959599,0.1262083,0.0,1.189793,0.0,1.7903154,3.7119937,2.317591,0.0
85,3.6849709,0.4464573,4.6563287,1.8721541,1.9499118,1.809952,0.0,1.5296224,0.0,0.3174637,2.7651618,2.4784722,0.0
86,3.253149,2.1057775,4.7199316,1.726187,0.63297373,1.7659396,0.0,1.6412003,0.0,2.077986,5.051317,3.5961587,0.0
87,2.8620768,2.4470298,4.5310626,1.5955639,0.34029788,1.69095,0.0,1.2919974,0.0,2.0046854,4.566314,2.9955392,0.0
88,3.8239326,1.715707,5.0275164,1.230832,1.6517571,2.0347776,0.0,1.9565563,0.0,1.4970624,4.444073,3.2698383,0.0
89,3.5677104,1.6973394,5.4611325,1.790964,1.2480892,2.43718,0.0,1.847185,0.0,1.7640688,5.141361,4.0477247,0.0
90,3.1803975,1.7128034,4.7049975,2.6408756,0.8988703,2.0490909,0.0,1.757302,0.0,1.1103308,4.825373,3.3268034,0.0
91,3.4743319,1.4748988,5.075223,1.1036843,2.1111047,2.5011182,0.0,1.9366236,0.0,0.5689568,3.0454116,2.0362666,0.0
92,3.5709343,1.3052418,5.0286036,1.2567781,1.8058711,2.2429895,0.0,1.8423473,0.0,0.97928226,3.495901,2.6614037,0.0
93,4.048423,1.756115,6.7466226,0.77581394,1.5327739,2.402598,0.0,0.8906392,0.0,1.6664797,3.9820666,3.9117672,0.0
94,3.8361497,1.9061043,5.3520517,1.5355597,1.5124502,2.1209707,0.0,1.6820588,0.0,1.397469,4.307378,3.1931465,0.0
95,3.5903625,2.1461246,5.016321,0.9950507,1.8554701,2.150105,0.0,1.7394203,0.0,0.9192734,3.3944266,2.005714,0.0
96,4.3572106,1.5958006,5.4122715,0.67101824,1.0948998,0.8199455,0.0,0.5099446,0.0,1.8802488,3.2626948,3.2214425,0.0
97,3.7793312,1.1443592,5.285318,1.4894558,1.6195792,2.038869,0.0,1.54424,0.0,1.1965636,3.5505185,3.1149125,0.0
98,3.759254,1.8878907,5.567413,1.3775197,1.4035368,2.3621569,0.0,1.9292815,0.0,1.8821111,5.0853,3.8887296,0.0
99,3.7879329,1.2742178,5.0013494,1.9996811,1.2121015,1.470248,0.0,1.2102169,0.0,1.06122,3.6261296,3.035461,0.0
100,3.6997252,2.3220606,4.1496496,0.7709134,0.8566598,1.1443976,0.0,1.7433722,0.0,2.68966,4.415989,2.941681,0.0
101,4.0944576,1.534054,4.9294195,0.89244336,2.0662193,1.4343872,0.0,1.2911528,0.0,0.525497,2.1618197,1.5407877,0.0
102,2.8607278,1.6704803,4.7658134,1.3430299,1.3914332,2.4739532,0.0,1.7420745,0.0,1.127562,3.7325976,2.5707102,0.0
103,3.5937643,1.1342332,3.8977714,1.2774827,1.537264,1.0791367,0.0,1.629887,0.0,0.9348977,3.0046468,2.1229143,0.0
104,3.809186,2.0524225,5.1729426,1.3211627,1.6751264,2.1484323,0.0,1.9249984,0.0,1.3175541,4.246943,2.8549328,0.0
105,3.757266,1.8702496,5.2594104,1.4479303,1.5055518,2.3438153,0.0,2.083757,0.0,1.7705251,4.93831,3.5980823,0.0
106,3.9661326,1.66555,5.145191,1.0390675,1.2428436,1.3561144,0.0,1.1869184,0.0,1.7404032,3.75887,3.174962,0.0
107,3.7005749,1.8102664,5.464015,1.536697,1.2580625,2.061584,0.0,1.463756,0.0,1.5509441,4.339547,3.4419076,0.0
108,2.6677604,2.3020868,4.808237,1.5507452,0.95324075,2.7758093,0.0,2.1122813,0.0,1.8486931,5.1562977,3.306443,0.0
109,3.8755403,1.2204324,4.2601337,0.71853346,2.4803684,1.6983205,0.0,2.017266,0.0,0.3445907,2.3428779,1.3504565,0.0
110,3.3547492,1.6373546,5.5207195,0.768861,1.2926595,2.3735142,0.0,1.8547683,0.0,1.9363048,4.499834,3.509484,0.0
111,4.0705347,0.7482565,3.6795554,1.9891847,1.2376361,0.23893085,0.0,1.2822495,0.0,0.836171,2.811133,2.3414357,0.0
112,3.6373725,0.59452826,5.0656075,1.5430166,1.0793074,1.6413603,0.0,1.3606893,0.0,1.8519425,3.9804251,3.9714534,0.0
113,3.8452277,1.5127078,5.1092157,1.2780985,1.6188678,1.8779802,0.0,1.6403238,0.0,1.3167413,3.799613,2.9945343,0.0
114,4.1325035,1.0500616,5.2000437,1.2754884,1.612736,1.526917,0.0,1.427894,0.0,1.3796366,3.535883,3.204867,0.0
115,3.2462783,0.9821618,4.7083454,1.3792679,2.0670028,2.6666994,0.0,2.166663,0.0,0.69484544,3.6297703,2.7317097,0.0
116,3.4009304,0.84557414,5.629116,1.9170127,1.505904,2.4884682,0.0,1.204499,0.0,0.8033425,3.588683,3.4450843,0.0
117,3.6419249,1.1426994,5.349797,1.7577972,1.5944933,2.2545223,0.0,1.625006,0.0,1.0824904,3.9308891,3.3050609,0.0
118,3.8547301,1.9865849,4.8630767,1.064351,1.7307715,1.7672968,0.0,1.5797421,0.0,1.0138729,3.45558,2.3786156,0.0
119,4.2212825,0.0,4.501893,0.9183524,2.008139,0.88264304,0.0,0.97876316,0.0,0.64066577,1.371113,2.1262546,0.0
120,4.13144,1.5297887,5.5627475,1.3344556,1.7758446,1.7240008,0.0,1.1144344,0.0,0.87958914,3.147281,2.7027805,0.0
121,4.5060983,1.4743071,5.762816,1.2504963,0.9759938,1.0977821,0.0,0.64741474,0.0,2.2187366,4.345266,4.307914,0.0
122,3.2499423,1.6539873,5.4615893,1.8097302,1.4258304,2.6616216,0.0,1.6586502,0.0,1.0960143,4.3798122,3.3791428,0.0
123,3.739346,1.7027512,5.326923,1.4803033,1.3138527,2.1487708,0.0,1.7547098,0.0,1.8375726,4.8408113,3.8332114,0.0
124,2.843782,2.6850972,4.7217097,1.4353384,0.43252817,1.7808304,0.0,1.1566339,0.0,1.7698755,4.219932,2.6387563,0.0
125,3.2682714,1.8082113,5.107173,1.4484767,0.99811596,2.1278954,0.0,1.5608826,0.0,1.8274102,4.5730705,3.5337956,0.0
126,3.9289494,1.42891,5.190942,1.5197784,1.472378,1.8852893,0.0,1.6528643,0.0,1.5185885,4.1732802,3.42869,0.0
127,3.952817,1.6852642,4.727465,1.1445249,1.7758881,1.6723527,0.0,1.7820686,0.0,1.1817024,3.494048,2.4686806,0.0
128,3.7480254,1.3195889,4.3153005,0.9381253,2.0786738,1.9470719,0.0,2.2939255,0.0,1.0988512,3.8016567,2.6068723,0.0
129,3.3643332,1.8259673,4.697749,1.4688793,1.74773,2.576923,0.0,2.382259,0.0,1.297086,4.658047,3.0258677,0.0
130,3.819209,1.5370206,4.044161,0.6517402,2.3744543,1.6985962,0.0,2.1958873,0.0,0.561804,2.6548107,1.3274934,0.0
131,3.8988452,1.4296529,5.2724385,1.3656257,1.5206051,1.9431273,0.0,1.6663721,0.0,1.5612311,4.238504,3.4964194,0.0
132,3.4766116,1.3760177,5.229373,1.7088659,1.6873025,2.3762112,0.0,1.5713342,0.0,0.768461,3.5557516,2.7397487,0.0
133,2.953547,2.0944297,5.2317705,1.8444556,0.6575246,2.3663034,0.0,1.4618498,0.0,1.796303,4.9683037,3.6888158,0.0
134,3.8112893,1.6712996,4.8666673,1.3495032,1.7700536,2.1222558,0.0,2.1200304,0.0,1.392749,4.408563,3.1270974,0.0
135,3.1643782,1.2935199,4.43688,2.4669101,1.1887866,1.97724,0.0,1.8880937,0.0,0.8231024,4.283521,2.9811375,0.0
136,3.8828058,1.5542501,4.9966245,1.2813909,1.574288,1.8148729,0.0,1.7551631,0.0,1.5205554,4.207145,3.2683175,0.0
137,3.9017768,1.7676761,5.6759934,1.4220523,0.95433545,1.7911364,0.0,1.2895015,0.0,2.1976418,4.864552,4.18268,0.0
138,3.3472848,1.7174337,5.3676324,1.5727105,1.4543422,2.5246172,0.0,1.6430467,0.0,1.231263,4.3154,3.3079882,0.0
139,2.936499,1.8711659,4.412927,2.269453,0.45736706,1.8749577,0.0,1.8754385,0.0,2.0660412,5.3309126,3.6992955,0.0
140,3.4645996,1.1810797,4.527463,1.3949674,1.6926624,1.7441798,0.0,1.6249492,0.0,0.67735285,3.0474617,2.2427056,0.0
141,2.8360128,1.937526,5.547607,1.4074411,1.6954567,3.3078609,0.0,1.7473991,0.0,0.7561665,3.8313642,2.6425717,0.0
142,4.2045946,1.572388,5.3756933,1.1316938,1.3754319,1.6377091,0.0,1.4836551,0.0,1.8935962,4.431376,3.831845,0.0
143,3.4732456,2.0627303,4.926385,1.2934101,1.6401452,2.2063618,0.0,1.836806,0.0,1.0070578,3.73771,2.2898319,0.0
144,2.9675188,2.4312544,3.6141434,1.7926681,0.6406586,1.2102755,0.0,1.8030497,0.0,1.6283062,4.258504,2.1699798,0.0
145,3.1912723,2.5071266,4.2989044,1.1844397,0.9254146,1.5514084,0.0,1.7729416,0.0,1.8361375,4.28811,2.3934398,0.0
146,3.8384194,1.5933985,5.0029635,1.1009091,1.647095,1.6596073,0.0,1.4051676,0.0,1.1126057,3.214628,2.4880028,0.0
147,3.7181096,1.2869934,5.2742696,1.4507412,1.3975844,2.0228415,0.0,1.4903843,0.0,1.4755436,4.1893935,3.6202927,0.0
148,4.022394,1.1065177,4.5489717,0.872406,2.1511607,1.5002587,0.0,1.671677,0.0,0.7259958,2.5215962,1.94157,0.0
149,3.3630052,2.23261,3.6456697,0.2633489,1.8165377,1.551693,0.0,2.2631974,0.0,1.3803881,3.3218732,1.3923903,0.0
150,3.6730633,1.3784534,4.832178,1.2034293,1.7231513,1.901119,0.0,1.7161424,0.0,1.1387872,3.609466,2.7965486,0.0
151,3.743328,1.7794775,4.928415,1.45396,1.7054074,2.1601472,0.0,2.1734273,0.0,1.3375322,4.389635,2.9637544,0.0
152,3.357205,1.8131506,5.3413706,1.4727554,1.3674461,2.5389204,0.0,1.9099202,0.0,1.5662873,4.692369,3.4647965,0.0
153,3.9281082,1.417054,5.3671474,1.5932287,1.4785508,1.9241941,0.0,1.4876878,0.0,1.4054085,4.078348,3.3656821,0.0
154,3.3373213,1.3248432,4.2102532,1.1082611,1.7211657,2.0689182,0.0,2.2229214,0.0,1.387705,4.0100026,2.7934287,0.0
155,3.1133442,1.3682446,5.507246,2.0097177,1.4349214,2.954471,0.0,1.7016737,0.0,1.0488411,4.461715,3.6408405,0.0
156,3.4769664,1.1198971,5.055779,1.8737466,1.4067641,2.260139,0.0,1.7081119,0.0,1.317322,4.251428,3.493768,0.0
157,3.2787127,0.09211269,3.4371467,0.6371319,2.580995,1.8738085,0.0,2.2254426,0.0,0.22355175,2.2670598,1.7730585,0.0
158,2.8783817,1.4487181,4.6540585,1.3118317,1.6808621,2.596035,0.0,1.7672043,0.0,0.7263794,3.4190948,2.361223,0.0
159,3.109878,0.88338625,4.5121317,1.327782,1.86133,2.4792933,0.0,1.9749882,0.0,0.8577939,3.6839244,2.8956597,0.0
160,3.1106062,0.96308976,5.2277246,1.8231742,1.4947977,2.721202,0.0,1.620346,0.0,0.94985926,4.010005,3.4885855,0.0
161,3.5516262,1.511625,4.976271,1.9202329,1.2740835,1.9782361,0.0,1.6708469,0.0,1.2989899,4.345909,3.3068573,0.0
162,3.2096071,1.4992038,4.956342,1.4309169,1.63296,2.5373654,0.0,1.8807771,0.0,1.0613124,3.8821275,2.7800655,0.0
163,3.3417811,1.533369,4.7507343,1.2941918,1.733898,2.2668762,0.0,1.8039672,0.0,0.9207671,3.6673188,2.5842414,0.0
164,2.9639192,1.5721782,4.5944347,1.1952995,1.5060613,2.398634,0.0,1.7897903,0.0,1.1317163,3.7246444,2.6363094,0.0
165,3.6146083,1.4144567,4.8748775,2.4885042,0.8079011,1.5014087,0.0,1.3965033,0.0,1.3900212,4.632435,3.652659,0.0
166,2.6933994,2.0099394,3.7176733,2.6340125,0.12319414,1.3242897,0.0,1.7517757,0.0,1.7735184,5.0702033,3.1045647,0.0
167,3.3688006,3.0846052,6.1137543,0.58506316,1.0247021,2.4135041,0.0,0.91066265,0.0,1.6354222,4.0239024,2.800144,0.0
168,3.6774917,1.5752726,4.9903526,1.8940939,1.0823393,1.4955672,0.0,1.4137421,0.0,1.3021752,4.1148467,3.1235108,0.0
169,4.498736,0.92199934,4.6867247,0.64974415,2.085816,0.898388,0.0,1.3300419,0.0,0.9404273,2.106233,2.019812,0.0
170,3.1191134,1.1190515,4.592948,1.3822664,1.7562692,2.5596585,0.0,2.1919012,0.0,1.0045404,4.086789,3.0256507,0.0
171,3.938651,1.5518645,3.771286,0.40171906,0.82747877,0.2598638,0.0,1.3610144,0.0,2.608936,3.1750903,2.6310766,0.0
172,2.5023198,2.2837093,3.5323753,2.6377149,0.27160147,1.4706597,0.0,1.8745902,0.0,1.4911034,4.935972,2.5681257,0.0
173,4.683942,0.7195626,4.8886185,0.9737061,1.4017309,0.5686735,0.0,0.9560576,0.0,1.834928,2.9407034,3.4214907,0.0
174,3.7209454,1.0026771,4.9618073,1.2803415,1.910538,1.6954727,0.0,1.0783285,0.0,0.3847445,2.0343308,1.8910487,0.0
175,3.4597955,1.5028293,4.849163,1.0626425,1.2823833,1.480452,0.0,1.1693317,0.0,1.2408412,3.3629394,2.7816591,0.0
176,3.2693934,1.1846141,5.476168,1.7294636,1.4895357,2.5022635,0.0,1.4710227,0.0,0.9817893,3.8665857,3.2803705,0.0
177,3.543954,1.9810565,3.946332,2.3901126,0.9819334,1.0295918,0.0,1.7436652,0.0,0.96405786,4.2108846,2.3742054,0.0
178,2.6320643,1.5430257,4.4926248,1.8587234,1.4447296,2.7794785,0.0,2.0209327,0.0,0.7535991,3.9173944,2.4784489,0.0
179,3.1595078,2.0306745,5.6423893,1.3539131,1.5054547,2.8986936,0.0,1.6163365,0.0,1.1125166,4.0087404,2.8845081,0.0
180,3.4404826,1.9931495,4.4550385,0.93191034,1.789094,2.077611,0.0,2.0877523,0.0,1.1464126,3.8310127,2.2502291,0.0
181,2.7715592,1.3844047,3.9856339,1.7439725,0.89026505,1.8701159,0.0,1.8992879,0.0,1.4897816,4.490116,3.1144898,0.0
182,3.9780283,1.6953349,4.422863,0.715467,2.4768708,1.6351275,0.0,1.8448687,0.0,0.23370588,2.0921314,0.91993976,0.0
183,4.0868444,1.0613018,5.123058,1.0097289,1.4675057,1.3337787,0.0,1.1286755,0.0,1.520692,3.1786191,3.140992,0.0
184,3.99687,1.7190392,6.135409,0.57966566,2.1178198,2.3556414,0.0,1.0377781,0.0,0.7869424,2.5709677,2.3444948,0.0
185,3.9071474,1.1712098,4.6547856,1.5680542,1.9475789,1.4886452,0.0,1.4463906,0.0,0.3231892,2.4351902,1.7658924,0.0
186,3.1915698,1.559118,4.227557,1.9235213,1.0529163,1.7362641,0.0,1.9698596,0.0,1.4109709,4.565546,3.1322308,0.0
187,3.6283383,1.2780839,4.0282583,0.82434124,2.3434646,1.7837133,0.0,2.0402122,0.0,0.32486793,2.5038834,1.3732494,0.0
188,2.947402,1.6468579,4.572306,2.171143,1.3429848,2.3586817,0.0,1.85213,0.0,0.69433415,4.097106,2.647674,0.0
189,3.542677,1.7886802,5.0894027,1.1881392,1.7621332,2.1933575,0.0,1.63215,0.0,0.9674124,3.4450257,2.407702,0.0
190,3.820949,1.5271775,6.268974,1.6444377,0.9221168,2.316659,0.0,0.84249175,0.0,1.9448856,4.755031,4.6267915,0.0
191,3.1134987,2.3953233,4.7420297,1.6483269,0.4602091,1.9260907,0.0,1.7060031,0.0,2.610473,5.5434394,3.8481035,0.0
192,3.6933403,2.2063468,5.2800155,1.0391009,1.5093064,1.9441253,0.0,1.501684,0.0,1.3322281,3.716837,2.4880605,0.0
193,3.6933923,1.2634907,5.2506285,1.4271199,1.3834184,1.9017314,0.0,1.2899966,0.0,1.3567472,3.838864,3.3340287,0.0
194,3.357417,1.4609327,5.162848,1.5308864,1.1370492,2.2646651,0.0,1.699569,0.0,1.7921169,4.566638,3.7470407,0.0
195,3.7836843,1.3895903,4.9592824,1.5720437,1.8053757,2.2282405,0.0,2.0318365,0.0,1.1985484,4.27234,3.270374,0.0
196,3.1535978,1.866037,4.7178364,1.276157,1.4238515,2.3548384,0.0,2.0169234,0.0,1.5167016,4.2939844,2.8760118,0.0
197,3.3014998,1.2999375,4.7304068,2.1415324,0.96960664,2.0247493,0.0,1.8331637,0.0,1.6570185,5.0338197,3.944365,0.0
198,4.244506,1.4956721,4.864766,1.5412441,1.1541945,1.061033,0.0,1.4482827,0.0,1.8115138,4.2828784,3.4998732,0.0
199,3.1288,1.4934263,4.1186547,1.6105196,1.136249,1.6536092,0.0,1.7212545,0.0,1.2605464,3.9182706,2.7143571,0.0
200,3.5479465,0.8649343,4.937782,1.5891675,1.7371426,2.3112178,0.0,1.8526357,0.0,1.0800669,3.9720712,3.4118896,0.0
201,3.6323948,1.7149999,4.9632707,1.2743824,1.6486077,2.1438007,0.0,1.9691359,0.0,1.3288716,4.021166,2.8626914,0.0
202,3.5420566,1.7938375,5.202803,1.5408777,1.4126257,2.059157,0.0,1.559535,0.0,1.1873058,3.7317536,2.7506335,0.0
203,3.4293127,1.4614184,4.231847,1.0616785,1.6411792,1.6080755,0.0,1.6951166,0.0,0.96549535,3.1111903,2.0879428,0.0
204,2.9245906,1.6553422,3.1265259,2.2237322,0.0,0.30979684,0.0,1.3698974,0.0,1.985674,4.246248,2.7281811,0.0
205,3.444817,1.6503538,4.8940744,1.0878466,1.9778844,2.2606316,0.0,1.8119491,0.0,0.70787454,3.189015,2.0744412,0.0
206,2.9638085,2.462261,4.688714,1.1043422,0.44922432,1.8836105,0.0,1.450536,0.0,2.6682966,4.932409,3.3960598,0.0
207,4.0406995,0.30916068,4.45199,0.9229775,2.1706495,1.1456476,0.0,1.1328012,0.0,0.2876404,1.2794939,1.6233262,0.0
208,3.9214745,1.0315925,5.0568275,1.3176279,1.7345722,1.8477564,0.0,1.6665388,0.0,1.3297955,3.7247722,3.2061496,0.0
209,3.7798142,1.5116236,5.2556195,1.4731537,1.5154867,2.0839634,0.0,1.6639677,0.0,1.4652778,4.2455974,3.4318483,0.0
210,3.399897,1.6596484,3.9259732,1.2326584,1.2692572,1.1975591,0.0,1.627728,0.0,1.2590568,3.085939,1.8850701,0.0
211,2.8979783,1.9985378,4.185345,2.1913478,0.7366223,1.8096557,0.0,1.7653047,0.0,1.4301564,4.6267295,2.8673992,0.0
212,3.9408512,1.1262141,5.0214815,1.8083631,1.6932855,1.7721986,0.0,1.5406951,0.0,0.92805994,3.6296265,3.0103762,0.0
213,3.770347,1.650859,4.6667624,1.0808983,1.8637848,2.0320864,0.0,2.140875,0.0,1.3364724,4.131694,2.856273,0.0
214,2.9640613,2.120052,4.1009083,2.221302,1.1057897,1.7937838,0.0,1.8636484,0.0,0.70195603,4.137251,2.1746936,0.0
215,3.4862013,1.2851776,5.6106586,1.7187878,1.131925,2.4483166,0.0,1.6708499,0.0,1.8745868,5.1545615,4.480958,0.0
216,2.8904948,2.0783083,4.9095936,1.6905828,0.86521256,2.6452618,0.0,2.139133,0.0,2.1671958,5.6567903,3.979816,0.0
217,3.1737661,1.414311,3.77197,2.6564574,0.5141167,1.2759063,0.0,1.9656398,0.0,1.7783225,5.1296268,3.5434766,0.0
218,3.1891832,0.95070815,5.0625076,1.72381,1.8421115,2.7209597,0.0,1.8299006,0.0,0.63155174,3.60116,2.9291456,0.0
219,3.34874,1.187778,5.160887,1.6772697,1.5449134,2.4862885,0.0,1.727364,0.0,1.1303743,4.0746613,3.3319612,0.0
220,3.4485064,0.9944971,4.81815,2.0600796,1.453258,2.1933613,0.0,1.9169813,0.0,1.1476221,4.411453,3.5487032,0.0
221,3.6843781,1.6431295,4.969465,1.209083,1.5691595,1.95599,0.0,1.6952132,0.0,1.3941379,3.9440477,2.9525583,0.0
222,3.8169847,1.2960643,5.7139716,1.0580715,1.1171925,1.3109643,0.0,0.0,0.0,1.0481467,2.5737925,2.8885362,0.0
223,3.530867,1.60586,4.909243,1.1626769,1.732794,2.2546644,0.0,2.0046616,0.0,1.2773758,4.0762525,2.9053478,0.0
224,3.970676,1.6132514,4.946755,0.9563412,1.3477501,1.5349084,0.0,1.6520402,0.0,1.9387653,4.2287483,3.4183152,0.0
225,3.6317282,1.5980673,4.1486034,2.7558837,0.7015618,0.7508298,0.0,1.3028353,0.0,0.94247806,3.9174092,2.6424851,0.0
226,3.3309426,1.5143569,3.761646,1.8955959,0.87362194,1.0027514,0.0,1.622911,0.0,1.3914037,3.6211765,2.4016283,0.0
227,4.1862364,1.1957468,4.8127446,0.7874802,1.5115008,1.0700365,0.0,1.2480389,0.0,1.6384983,3.300873,3.0636435,0.0
228,3.5034218,1.0091256,4.8976073,1.5152268,2.200658,2.4204302,0.0,1.8229842,0.0,0.30549604,2.8866313,2.194054,0.0
229,3.904746,1.0053104,4.877701,1.2074169,1.9494537,1.9070688,0.0,1.8612248,0.0,1.0884322,3.4312146,2.8429728,0.0
230,4.6381927,0.61980844,4.749224,0.8988154,1.7726815,0.5730843,0.0,0.94961065,0.0,1.1421838,1.9128579,2.3832672,0.0
231,4.102924,1.1745216,4.3483686,1.3170257,1.8282044,1.0958047,0.0,1.5837342,0.0,0.77754533,2.700289,2.0070286,0.0
232,3.6470199,0.3054367,4.7141213,1.5331962,1.9191703,1.6074345,0.0,1.0607406,0.0,0.2505888,2.102296,2.2522168,0.0
233,3.9200587,1.5908178,4.685791,2.0914912,0.9734234,1.367293,0.0,1.7743838,0.0,1.8734158,5.122449,3.9035974,0.0
234,3.0700555,1.4788734,5.159094,1.9215871,1.6586982,2.8980227,0.0,1.9170911,0.0,0.7036559,4.017353,2.8800814,0.0
235,2.9283295,2.3875809,4.3505964,1.849754,0.38338703,1.4770131,0.0,1.610912,0.0,1.9802675,4.7842536,3.0093496,0.0
236,3.5217285,1.1804212,4.6969595,1.1301347,1.2424102,1.6816142,0.0,1.5515897,0.0,1.8010497,3.9813085,3.415372,0.0
237,3.7054982,1.5305527,5.497704,1.922467,0.9116006,1.9726914,0.0,1.281953,0.0,1.9288865,4.9106355,4.2126145,0.0
238,3.2675261,1.2197256,5.0190415,1.6800163,1.8249955,2.6839519,0.0,2.0017114,0.0,0.79561704,3.8430057,2.8628235,0.0
239,3.8110814,1.4419028,4.16852,0.20457372,2.000133,1.3101442,0.0,1.7571888,0.0,1.1128436,2.5666203,1.7220452,0.0
240,3.130352,1.4865555,4.91415,1.9121855,1.2221776,2.0529528,0.0,1.3780434,0.0,0.8450091,3.5056946,2.605173,0.0
241,3.4327025,1.5996926,5.6661835,1.2650664,1.3812073,2.374928,0.0,1.0876359,0.0,1.1823807,3.5201473,3.0384655,0.0
242,3.7465835,1.4040835,4.9761415,1.101713,1.7157978,1.9921175,0.0,1.6803281,0.0,1.2265264,3.7018814,2.9757347,0.0
243,3.7549338,1.9037734,4.5841107,1.7321857,1.2580627,1.1635072,0.0,1.3084503,0.0,0.94998366,3.458795,2.2954738,0.0
244,4.7340035,1.8552214,4.866471,0.66324276,1.5501566,0.8028454,0.0,1.5767989,0.0,2.0626268,3.5878608,2.8484123,0.0
245,3.5848136,1.507904,4.9892764,1.2820055,1.759602,2.0248938,0.0,1.6445187,0.0,0.8042078,3.3420734,2.4241893,0.0
246,4.7644563,0.89851195,5.6747575,0.872272,1.6384122,1.0825648,0.0,0.91864413,0.0,1.7420663,3.1888542,3.569442,0.0
247,3.2363558,0.7856019,4.819112,1.7352614,2.0627875,2.7757106,0.0,2.1437714,0.0,0.53060573,3.6477616,2.8702376,0.0
248,3.4809694,1.5773429,5.1109114,1.2776058,1.3026581,1.8738134,0.0,1.3122417,0.0,1.3549753,3.61225,2.9134393,0.0
249,3.8964372,1.5731838,5.176905,1.3877488,1.6011999,1.8463504,0.0,1.5716323,0.0,1.2719768,3.6810157,2.90588,0.0
250,4.166796,1.2006854,4.766461,1.8382959,1.36382,1.1315337,0.0,1.3624185,0.0,1.2681868,3.8630679,3.189467,0.0
251,3.3266773,1.9742678,4.6386437,1.0733719,1.0461798,1.7862912,0.0,1.7357605,0.0,2.0691545,4.39759,3.1055634,0.0
252,2.7456684,1.4592838,4.201433,1.5067858,1.5053341,2.3405623,0.0,1.9274057,0.0,0.83112264,3.6630414,2.3347073,0.0
253,4.3114176,1.73448,4.890779,0.8852829,1.9198762,1.5034926,0.0,1.9572036,0.0,1.4436274,3.3744342,2.3920135,0.0
254,2.8738356,2.6633966,4.483221,1.0121958,0.7694558,1.7653434,0.0,1.3247167,0.0,1.5909833,3.6699522,2.0562646,0.0
255,3.6619291,1.6037087,4.7951646,1.8496476,1.3219675,1.8271548,0.0,1.7876703,0.0,1.3206266,4.409997,3.232571,0.0
256,3.1400208,1.0990258,4.8368554,1.5817474,1.6568849,2.586039,0.0,1.9164968,0.0,1.0035372,4.1062326,3.2430058,0.0
257,3.448896,1.428025,4.4449883,1.000064,1.2376648,1.7608488,0.0,1.919827,0.0,2.045024,4.638766,3.5825808,0.0
258,2.8274035,2.0417893,4.6381187,1.7164575,0.41166258,1.9773582,0.0,1.5511053,0.0,2.196204,5.1395636,3.7530472,0.0
259,3.2508688,1.4450355,3.6486561,2.1679654,1.1070085,1.1007905,0.0,1.6592021,0.0,0.81685597,3.491328,2.0954592,0.0
260,3.497528,0.91624475,4.3896394,1.3177186,2.0407674,2.3166676,0.0,2.3701408,0.0,1.0473773,4.0933886,3.108219,0.0
261,3.5924578,0.85720557,5.1405435,1.8645083,1.4069402,2.0665321,0.0,1.4619501,0.0,1.284882,4.0544715,3.6506803,0.0
262,2.7853818,1.9932387,5.9008627,1.3988898,1.5507295,3.3273711,0.0,1.284157,0.0,0.6005693,3.4160855,2.4881418,0.0
263,4.00117,0.87138486,5.005858,1.35313,1.2934562,1.3608902,0.0,1.1986542,0.0,1.6119139,3.495317,3.5415125,0.0
264,4.229152,1.4542392,4.883508,0.67419446,1.7713909,1.349712,0.0,1.5774436,0.0,1.5405889,3.1970055,2.6230826,0.0
265,3.9815664,1.7024907,5.3922653,1.5214355,1.401808,1.8106182,0.0,1.494004,0.0,1.5491813,4.339848,3.5306444,0.0
266,3.747036,1.9662839,4.176822,0.6891455,1.1262527,1.0850157,0.0,1.718705,0.0,2.264182,3.824782,2.6981235,0.0
267,3.7778983,1.808458,5.269382,1.3589157,1.3561698,1.9811796,0.0,1.7146684,0.0,1.6970354,4.577945,3.4878757,0.0
268,2.554268,1.606525,4.4841084,2.098729,0.65372413,2.2699852,0.0,1.751356,0.0,1.6170555,4.7818804,3.4159718,0.0
269,3.1499977,0.72472423,4.2129335,2.9450588,1.3607813,1.7970991,0.0,1.8480048,0.0,0.19590119,3.4221747,2.2814107,0.0
270,2.9820905,1.4615963,4.0746145,2.0512853,1.0361028,1.8427099,0.0,1.9952744,0.0,1.2550492,4.405115,2.9326828,0.0
271,4.1064954,0.7102242,4.7036424,1.0336114,1.7624729,1.0148951,0.0,0.9157551,0.0,0.79213077,1.9681393,2.2056632,0.0
272,3.9868746,1.6337184,5.1482997,1.6359007,1.3192327,1.72288,0.0,1.8373328,0.0,1.8626482,4.6073227,3.5545113,0.0
273,3.802033,1.6798673,6.673607,1.2636592,1.651539,2.7450862,0.0,0.85100704,0.0,0.9826287,3.5819502,3.4420204,0.0
274,2.6992645,1.8881805,3.847923,1.7154715,0.3569861,1.5287973,0.0,1.9308897,0.0,2.2681248,4.879592,3.1960354,0.0
275,3.1784596,1.7213938,4.6974564,1.2227279,1.0616621,2.0218306,0.0,1.794745,0.0,1.8868918,4.411096,3.201129,0.0
276,2.9703236,1.6987059,4.862683,1.551594,1.6360722,2.6916676,0.0,1.8067768,0.0,0.6687989,3.7034957,2.42177,0.0
277,3.5555706,0.47570443,3.555677,0.3631283,2.5872262,1.3409818,0.0,1.6563069,0.0,0.0,1.0283413,0.6961141,0.0
278,4.0708065,0.99783677,4.879366,1.4495106,1.130322,1.3816785,0.0,1.6151673,0.0,2.215828,4.476639,4.1056566,0.0
279,3.8496275,1.3538142,4.025391,2.0435028,1.5608206,0.9617678,0.0,1.5595763,0.0,0.37817413,2.8080046,1.6954235,0.0
280,3.047535,0.9550123,4.7715197,2.110141,1.3171719,2.393921,0.0,1.684414,0.0,0.8233728,4.010325,3.2593627,0.0
281,4.8116837,1.4558489,4.9508023,0.8368921,1.8863181,0.584453,0.0,0.89865744,0.0,0.9889254,2.2727113,2.0595114,0.0
282,3.5608702,1.7098817,5.4193716,0.9116491,0.8513446,2.0157824,0.0,1.3635366,0.0,2.7317023,4.807675,4.2524166,0.0
283,3.2185578,1.6809483,4.7416344,1.3288499,1.6735823,2.1775632,0.0,1.6382862,0.0,0.66643286,3.112361,1.9995183,0.0
284,3.0733337,1.2411085,4.6020203,2.8835056,0.9206623,1.9135464,0.0,1.5390615,0.0,0.669392,4.1964192,3.0706232,0.0
285,1.944719,0.91558933,4.3156652,1.5935309,1.5364097,3.161861,0.0,1.5905702,0.0,0.06412187,2.831939,1.8333111,0.0
286,3.3525858,1.4499661,5.2321367,1.5127088,1.4786984,2.4858456,0.0,1.8394561,0.0,1.3212413,4.266604,3.296337,0.0
287,2.6475654,1.5444065,4.800531,1.8380449,1.2903117,2.8357368,0.0,1.8590609,0.0,1.0108422,4.2151246,2.9763248,0.0
288,3.4856834,1.3742073,5.253157,1.617933,1.3578643,2.2660766,0.0,1.591797,0.0,1.4006015,4.2817254,3.5131304,0.0
289,3.789487,1.6757149,5.68583,1.923373,1.1490455,2.2673807,0.0,1.6521692,0.0,1.8623714,5.1461673,4.2301707,0.0
